{
  "ThumbUp": {
    "palm": [
      0.5298248529434204,
      0.6745619773864746,
      -5.032226191303835e-09
    ],
    "thumb": [
      [
        0.553361713886261,
        0.5887740850448608,
        0.004217213951051235
      ],
      [
        0.5887726545333862,
        0.5251807570457458,
        0.0007199200917966664
      ],
      [
        0.6183274984359741,
        0.4710424840450287,
        -0.0035228393971920013
      ],
      [
        0.6330037713050842,
        0.4223589599132538,
        -0.005503098480403423
      ]
    ],
    "index": [
      [
        0.6658358573913574,
        0.5695070028305054,
        -0.00012208706175442785
      ],
      [
        0.6710909605026245,
        0.5747964382171631,
        0.017271120101213455
      ],
      [
        0.6490288972854614,
        0.5902557969093323,
        0.02962624281644821
      ],
      [
        0.6305404901504517,
        0.5964277386665344,
        0.03434664383530617
      ]
    ],
    "middle": [
      [
        0.6719359159469604,
        0.6231603026390076,
        -0.004382535349577665
      ],
      [
        0.6747288703918457,
        0.621807336807251,
        0.01664893887937069
      ],
      [
        0.6552191376686096,
        0.6295753121376038,
        0.027433745563030243
      ],
      [
        0.6360166668891907,
        0.6329309344291687,
        0.0289903711527586
      ]
    ],
    "ring": [
      [
        0.6676837801933289,
        0.6736051440238953,
        -0.005322080571204424
      ],
      [
        0.671845018863678,
        0.6618211269378662,
        0.018886765465140343
      ],
      [
        0.6538029909133911,
        0.6667692065238953,
        0.029849201440811157
      ],
      [
        0.6352570652961731,
        0.6695752739906311,
        0.03020903840661049
      ]
    ],
    "pinky": [
      [
        0.6584934592247009,
        0.7171151041984558,
        -0.007237919606268406
      ],
      [
        0.6675649881362915,
        0.7055339813232422,
        0.015847278758883476
      ],
      [
        0.6509377956390381,
        0.7044435143470764,
        0.027820512652397156
      ],
      [
        0.634416937828064,
        0.7045444250106812,
        0.031802378594875336
      ]
    ]
  },
  "Bang": {
    "palm": [
      0.5184468030929565,
      0.662505567073822,
      4.1557051133622736e-09
    ],
    "thumb": [
      [
        0.5329976081848145,
        0.5915600061416626,
        0.0034294044598937035
      ],
      [
        0.5625574588775635,
        0.5371538996696472,
        -0.004346964880824089
      ],
      [
        0.5855517983436584,
        0.48919013142585754,
        -0.01292431354522705
      ],
      [
        0.5950459837913513,
        0.44833648204803467,
        -0.02265763282775879
      ]
    ],
    "index": [
      [
        0.6198342442512512,
        0.5705474615097046,
        -0.020834535360336304
      ],
      [
        0.6815136075019836,
        0.5674648880958557,
        -0.021709147840738297
      ],
      [
        0.7185209393501282,
        0.5648679733276367,
        -0.022954868152737617
      ],
      [
        0.7471603751182556,
        0.564142644405365,
        -0.02508838102221489
      ]
    ],
    "middle": [
      [
        0.6302997469902039,
        0.6125307083129883,
        -0.0256279818713665
      ],
      [
        0.6602990031242371,
        0.6203564405441284,
        -0.013696176931262016
      ],
      [
        0.6390476822853088,
        0.6203007102012634,
        -0.00014018561341799796
      ],
      [
        0.6148107647895813,
        0.6209302544593811,
        0.005325539503246546
      ]
    ],
    "ring": [
      [
        0.6280726194381714,
        0.6575633883476257,
        -0.028498314321041107
      ],
      [
        0.6419045925140381,
        0.6535581350326538,
        -0.013990308158099651
      ],
      [
        0.6229342222213745,
        0.6565941572189331,
        -0.0011876672506332397
      ],
      [
        0.6041029095649719,
        0.6604622602462769,
        0.002255774335935712
      ]
    ],
    "pinky": [
      [
        0.6219705939292908,
        0.6975178718566895,
        -0.03271111473441124
      ],
      [
        0.6326448917388916,
        0.6896156072616577,
        -0.019887235015630722
      ],
      [
        0.6145073771476746,
        0.6895661354064941,
        -0.010131321847438812
      ],
      [
        0.5979633927345276,
        0.6917036771774292,
        -0.005839248187839985
      ]
    ]
  },
  "HighFive": {
    "palm": [
      0.46622154116630554,
      0.6860913038253784,
      6.701328825187147e-09
    ],
    "thumb": [
      [
        0.515332043170929,
        0.6599062085151672,
        -0.01670161820948124
      ],
      [
        0.5570215582847595,
        0.6128976941108704,
        -0.029404720291495323
      ],
      [
        0.5876452326774597,
        0.5715500712394714,
        -0.04352107644081116
      ],
      [
        0.6158751249313354,
        0.5456132888793945,
        -0.05853855237364769
      ]
    ],
    "index": [
      [
        0.5178163647651672,
        0.5205822587013245,
        -0.013020975515246391
      ],
      [
        0.5360926389694214,
        0.4557785391807556,
        -0.025900842621922493
      ],
      [
        0.5462682843208313,
        0.4168016314506531,
        -0.03623701259493828
      ],
      [
        0.5546608567237854,
        0.38061219453811646,
        -0.04439292848110199
      ]
    ],
    "middle": [
      [
        0.48847660422325134,
        0.5092072486877441,
        -0.01884443312883377
      ],
      [
        0.4951734244823456,
        0.4338373839855194,
        -0.027940187603235245
      ],
      [
        0.4987304210662842,
        0.38824424147605896,
        -0.039380840957164764
      ],
      [
        0.5004414916038513,
        0.3464040458202362,
        -0.049881238490343094
      ]
    ],
    "ring": [
      [
        0.4601363241672516,
        0.515492856502533,
        -0.027691425755620003
      ],
      [
        0.4578409790992737,
        0.44514721632003784,
        -0.03819064050912857
      ],
      [
        0.45813143253326416,
        0.3988255262374878,
        -0.05140231177210808
      ],
      [
        0.4583491384983063,
        0.35850444436073303,
        -0.06187233701348305
      ]
    ],
    "pinky": [
      [
        0.43282729387283325,
        0.5356287360191345,
        -0.038995884358882904
      ],
      [
        0.41579997539520264,
        0.48073050379753113,
        -0.048656366765499115
      ],
      [
        0.4057050049304962,
        0.44328659772872925,
        -0.05731895565986633
      ],
      [
        0.3979766070842743,
        0.40679997205734253,
        -0.06465523689985275
      ]
    ]
  }
}