{
  "PinchOpen": {
    "palm": [
      0.5311301350593567,
      0.6394476294517517,
      8.105617510523189e-09
    ],
    "thumb": [
      [
        0.5750730633735657,
        0.6060482263565063,
        0.004315945785492659
      ],
      [
        0.6114928126335144,
        0.5519700050354004,
        -0.010820546187460423
      ],
      [
        0.6402959823608398,
        0.5168464779853821,
        -0.033316873013973236
      ],
      [
        0.6678086519241333,
        0.5032897591590881,
        -0.055328261107206345
      ]
    ],
    "index": [
      [
        0.5618520975112915,
        0.47614890336990356,
        -0.002623900305479765
      ],
      [
        0.5704277753829956,
        0.41870301961898804,
        -0.023519886657595634
      ],
      [
        0.5844292044639587,
        0.38875678181648254,
        -0.040471650660037994
      ],
      [
        0.6002982258796692,
        0.3639434576034546,
        -0.053814902901649475
      ]
    ],
    "middle": [
      [
        0.537333071231842,
        0.47736501693725586,
        -0.023292111232876778
      ],
      [
        0.5913461446762085,
        0.48579713702201843,
        -0.047767505049705505
      ],
      [
        0.5897122025489807,
        0.5316815972328186,
        -0.055100299417972565
      ],
      [
        0.5758568048477173,
        0.5457412600517273,
        -0.05751137062907219
      ]
    ],
    "ring": [
      [
        0.5193906426429749,
        0.49486345052719116,
        -0.045379623770713806
      ],
      [
        0.5762050151824951,
        0.516982913017273,
        -0.06402592360973358
      ],
      [
        0.5720169544219971,
        0.5579866766929626,
        -0.06200923025608063
      ],
      [
        0.5573274493217468,
        0.5650583505630493,
        -0.05978678911924362
      ]
    ],
    "pinky": [
      [
        0.5078374147415161,
        0.5201041102409363,
        -0.06929513812065125
      ],
      [
        0.5544700622558594,
        0.5403395295143127,
        -0.07523326575756073
      ],
      [
        0.5557693839073181,
        0.5697146654129028,
        -0.07086903601884842
      ],
      [
        0.5441657304763794,
        0.5750309228897095,
        -0.06853019446134567
      ]
    ]
  },
  "PinchClosed": {
    "palm": [
      0.5800608396530151,
      0.65092933177948,
      2.5689996796529613e-09
    ],
    "thumb": [
      [
        0.629036009311676,
        0.6070892214775085,
        0.008229690603911877
      ],
      [
        0.6550248861312866,
        0.5533782839775085,
        -0.004945340566337109
      ],
      [
        0.6714035272598267,
        0.5119573473930359,
        -0.02496170438826084
      ],
      [
        0.6935667395591736,
        0.48367393016815186,
        -0.043256353586912155
      ]
    ],
    "index": [
      [
        0.6063157916069031,
        0.4777381420135498,
        -0.004226751625537872
      ],
      [
        0.6430142521858215,
        0.4416009187698364,
        -0.022536903619766235
      ],
      [
        0.6721447110176086,
        0.44969773292541504,
        -0.0312778577208519
      ],
      [
        0.691516101360321,
        0.4646201431751251,
        -0.03771226108074188
      ]
    ],
    "middle": [
      [
        0.5865475535392761,
        0.48145708441734314,
        -0.025568131357431412
      ],
      [
        0.6450728178024292,
        0.4935792088508606,
        -0.04814533889293671
      ],
      [
        0.6429587006568909,
        0.536804735660553,
        -0.0506666824221611
      ],
      [
        0.6264739632606506,
        0.5535553693771362,
        -0.050515562295913696
      ]
    ],
    "ring": [
      [
        0.574699878692627,
        0.5007855892181396,
        -0.04756607860326767
      ],
      [
        0.633003294467926,
        0.5236088633537292,
        -0.06479046493768692
      ],
      [
        0.6300073862075806,
        0.5623851418495178,
        -0.05769594758749008
      ],
      [
        0.6160784959793091,
        0.573608934879303,
        -0.05216912925243378
      ]
    ],
    "pinky": [
      [
        0.5701003074645996,
        0.5276881456375122,
        -0.07074524462223053
      ],
      [
        0.6195312142372131,
        0.5487382411956787,
        -0.07767148315906525
      ],
      [
        0.619750440120697,
        0.576861560344696,
        -0.07061977684497833
      ],
      [
        0.608983039855957,
        0.5848352909088135,
        -0.06554854661226273
      ]
    ]
  }
}